user_id,joined_at,grace_until,status,strikes,strike1_week,success_streak,pause_start,pause_end,pauses_used,last_seen,last_active_week,removed_at,removal_count,notes
916464267,2026-09-22,2000-01-01,active,0,,0,,,0,2026-10-06T01:36:55+00:00,2026-10-05,,0,
1425933192,2026-08-16,2000-01-01,active,0,,0,,,0,2026-10-06T19:25:33+00:00,2026-10-05,,0,
1436002435,2026-08-01,2000-01-01,active,0,,0,,,0,2026-10-08T19:37:42+00:00,2026-10-05,,0,
7334599398,2026-06-21,2000-01-01,active,0,,0,,,0,2026-10-06T17:01:44+00:00,2026-10-05,,0,
7374881586,2026-06-20,2000-01-01,active,1,2026-09-28,0,,,0,2026-10-08T21:28:16+00:00,2026-10-05,,0,
7508017555,2026-06-20,2000-01-01,active,0,,0,,,0,2026-10-06T20:53:39+00:00,2026-10-05,,0,
7545589531,2026-06-20,2000-01-01,active,0,,0,,,0,2026-10-08T22:54:43+00:00,2026-10-05,,0,
7845818180,2026-06-20,2000-01-01,active,0,,0,,,0,2026-10-08T21:35:33+00:00,2026-10-05,,0,
7847453913,2026-06-20,2000-01-01,active,0,,0,,,0,2026-10-06T00:13:41+00:00,2026-10-05,,0,
7900897634,2026-08-14,2000-01-01,active,0,,0,,,0,2026-10-08T20:29:09+00:00,2026-10-05,,0,
8115641770,2026-06-21,2000-01-01,removed,2,2026-09-21,0,,,0,2026-06-21,,2026-10-05T17:13:59+00:00,1,
8151675510,2026-07-30,2000-01-01,active,0,,0,,,0,2026-10-08T19:33:15+00:00,2026-10-05,,0,
8412033714,2026-09-05,2000-01-01,active,0,,0,,,0,2026-10-06T02:09:50+00:00,2026-10-05,,0,
8537175647,2026-06-20,2000-01-01,active,0,,0,,,0,2026-10-08T21:57:34+00:00,2026-10-05,,0,
