message_id,chat_id,iso_time,kind
3933,-1003937122342,2026-09-16T15:06:47+00:00,wednesday_idiom
3948,-1003937122342,2026-09-16T21:36:03+00:00,wednesday_idiom
4143,-1003937122342,2026-09-23T15:08:30+00:00,wednesday_idiom
4155,-1003937122342,2026-09-23T21:41:57+00:00,wednesday_idiom
4470,-1003937122342,2026-09-30T16:27:55+00:00,wednesday_idiom
4476,-1003937122342,2026-09-30T22:31:04+00:00,wednesday_idiom
4501,-1003937122342,2026-10-01T17:08:54+00:00,shadowing_video
4698,-1003937122342,2026-10-05T19:21:24+00:00,topic
4700,-1003937122342,2026-10-05T20:46:54+00:00,shadowing_video
