week_monday,user_id,active_days,passed,strikes_after,streak_after,action,iso_time
2026-09-21,916464267,4,1,0,0,pass,2026-09-28T13:16:54+00:00
2026-09-21,1425933192,2,0,1,0,strike1,2026-09-28T13:16:56+00:00
2026-09-21,1436002435,3,1,0,0,pass,2026-09-28T13:16:56+00:00
2026-09-21,7334599398,5,1,0,0,pass,2026-09-28T13:16:57+00:00
2026-09-21,7374881586,4,1,0,0,pass,2026-09-28T13:16:57+00:00
2026-09-21,7508017555,6,1,0,0,pass,2026-09-28T13:16:58+00:00
2026-09-21,7545589531,4,1,0,0,pass,2026-09-28T13:16:58+00:00
2026-09-21,7845818180,5,1,0,0,pass,2026-09-28T13:16:59+00:00
2026-09-21,7847453913,4,1,0,0,pass,2026-09-28T13:16:59+00:00
2026-09-21,7900897634,4,1,0,0,pass,2026-09-28T13:17:00+00:00
2026-09-21,8115641770,0,0,1,0,strike1,2026-09-28T13:17:04+00:00
2026-09-21,8151675510,4,1,0,0,pass,2026-09-28T13:17:04+00:00
2026-09-21,8412033714,5,1,0,0,pass,2026-09-28T13:17:05+00:00
2026-09-21,8537175647,5,1,0,0,pass,2026-09-28T13:17:05+00:00
